{
  "theta_ext_deg": [
    -10.0,
    -9.0,
    -8.0,
    -7.0,
    -6.0,
    -5.0,
    -4.0,
    -3.0,
    -2.0,
    -1.0,
    0.0,
    1.0,
    2.0,
    3.0,
    4.0,
    5.0,
    6.0,
    7.0,
    8.0,
    9.0,
    10.0
  ],
  "coupling_efficiency_zone1": [
    0.9379346152084245,
    0.9505135254107772,
    0.9461579186380416,
    0.9342797083336069,
    0.9156360729404373,
    0.8897699316024428,
    0.8554081027116114,
    0.810579695144255,
    0.7531461831016316,
    0.682187024416104,
    0.5999994773683883,
    0.5131179994340203,
    0.43053364123292215,
    0.35992139302947057,
    0.3050840534206839,
    0.26620300311936,
    0.24162593260742293,
    0.22954855619588074,
    0.22918049853609873,
    0.2423465815005633,
    0.29011161765722243
  ],
  "coupling_efficiency_zone2": [
    0.6782361617256598,
    0.6594574887438182,
    0.6318713389163867,
    0.6028237912034093,
    0.5756949462357438,
    0.5524399564252265,
    0.5340684561527562,
    0.5209801091427821,
    0.5131959443654028,
    0.5104850433348427,
    0.5123923485288939,
    0.5181720551367021,
    0.5266290955093617,
    0.535885182304376,
    0.5431399349913719,
    0.5446125482829665,
    0.5359874417419321,
    0.5136544977132487,
    0.47653708790649507,
    0.42752113729222146,
    0.37518362957642454
  ],
  "coupling_efficiency_zone3": [
    0.612294792836477,
    0.5925096638602377,
    0.5739922325618753,
    0.5521956976722587,
    0.5280638486829464,
    0.5030140720816553,
    0.4784100328230929,
    0.45530216111104677,
    0.4343349298170031,
    0.4157667646906025,
    0.3995428153382757,
    0.38537833890867856,
    0.3728337614518413,
    0.36137932826383545,
    0.3504551787783333,
    0.3395329082473049,
    0.32817795515625037,
    0.31609594968252414,
    0.303101710557935,
    0.2887194653813388,
    0.2656027928940925
  ],
  "combined_coupling_efficiency": [
    0.9379346152084245,
    0.9505135254107772,
    0.9461579186380416,
    0.9342797083336069,
    0.9156360729404373,
    0.8897699316024428,
    0.8554081027116114,
    0.5209801091427821,
    0.5131959443654028,
    0.5104850433348427,
    0.5123923485288939,
    0.5181720551367021,
    0.5266290955093617,
    0.535885182304376,
    0.3504551787783333,
    0.3395329082473049,
    0.32817795515625037,
    0.31609594968252414,
    0.303101710557935,
    0.2887194653813388,
    0.2656027928940925
  ],
  "MFE": 0.2656027928940925,
  "MFE_angle": 10.0,
  "mean_efficiency": 0.5837678863745468,
  "notes": {
    "coordinate_units": "nm (S4 physical lattice units)",
    "coupling_model": "eta_T1/(1-eta_R0)",
    "basis_opt": "NumBasis=50",
    "basis_scan": "NumBasis=121",
    "grid": "800 random samples per zone"
  }
}