{
  "xfov_deg": [
    -10.0,
    -9.0,
    -8.0,
    -7.0,
    -6.0,
    -5.0,
    -4.0,
    -3.0,
    -2.0,
    -1.0,
    0.0,
    1.0,
    2.0,
    3.0,
    4.0,
    5.0,
    6.0,
    7.0,
    8.0,
    9.0,
    10.0
  ],
  "theta_glass_deg": [
    41.19419602194353,
    42.06258695390705,
    42.94547633620005,
    43.843431446203105,
    44.757083423102195,
    45.687135932183786,
    46.6343754098404,
    47.59968325537172,
    48.58405043996026,
    49.58859514331996,
    50.61458421906439,
    51.66345955241932,
    52.736870740989495,
    53.83671605064985,
    54.96519435208547,
    56.12487185351642,
    57.318769115798744,
    58.55047641149161,
    59.824309568205024,
    61.14552509736364,
    62.52062467676465
  ],
  "mfe": 0.2504388963827874,
  "mfe_percent": 25.04388963827874,
  "mfe_passes": true,
  "coupling_pct": [
    25.04388963827874,
    26.706305473860137,
    27.726467391488075,
    28.43613773806198,
    28.952705327142393,
    29.327342623065185,
    29.67509905069951,
    29.8202384916599,
    29.978168565581253,
    30.24316202078488,
    30.54954348400377,
    30.896335261810464,
    31.244457809612864,
    31.57895855660522,
    31.83392666012813,
    32.03687607450484,
    31.891315351224524,
    31.63514261897664,
    31.31913217691701,
    31.03257308007169,
    31.443480564686517
  ],
  "zones": [
    {
      "zone": 1,
      "params": [
        120.74636828702926,
        46.84489749924337,
        161.2643541453608,
        251.88074343318144
      ],
      "source": "mfe_opt_pass2",
      "T_pct": [
        88.26964338073972,
        91.21674338421258,
        92.67773049406065,
        93.5953117457762,
        93.98938510561126,
        93.77571868671772,
        92.83746035827188,
        91.0573985227285,
        88.3431350203849,
        84.64861757588007,
        79.99252305546686,
        74.47380879396394,
        68.2808616140485,
        61.68481188004195,
        55.00843709133326,
        48.57419602912347,
        42.64967815596034,
        37.412259634664146,
        32.944543089320604,
        29.262424580530816,
        26.48670368494141
      ],
      "R_pct": [
        3.5166165087210066,
        3.2763939420921617,
        2.851362511295534,
        2.4312499311566405,
        2.137394511884135,
        2.0814937561273275,
        2.3439530557535013,
        2.944821411512673,
        3.8294133380326953,
        4.888571288911213,
        6.017171940560961,
        7.1872431679900455,
        8.494127427099283,
        10.14390792010728,
        12.384765313566898,
        15.419324422870535,
        19.343650120299813,
        24.138016180840026,
        29.707489563740108,
        35.97509054544957,
        43.54504037063997
      ],
      "T_mean_pct": 69.86578056589423,
      "R_mean_pct": 11.555099868031016
    },
    {
      "zone": 2,
      "params": [
        65.73768334828523,
        80.03247419097075,
        288.77708468620335,
        114.24587764420521
      ],
      "source": "mfe_opt_pass2",
      "T_pct": [
        48.031366989482486,
        49.157823672752336,
        50.08495325331101,
        50.90738060675315,
        51.63464970205689,
        52.26950044805621,
        52.812446947726364,
        53.262236614005744,
        53.615568275421076,
        53.86671117545565,
        54.007211687941556,
        54.025775073041025,
        53.908404819714164,
        53.638921050120345,
        53.20006077064573,
        52.575523753082976,
        51.753706596750206,
        50.73499958724849,
        49.54899886237882,
        48.314913303614745,
        48.024117693069
      ],
      "R_pct": [
        44.1715968296667,
        44.275694329184056,
        43.33744992379098,
        41.844705323874344,
        40.032129206869584,
        38.090712427164206,
        36.184821928641156,
        34.45549351779942,
        33.0214276648691,
        31.97965790866153,
        31.406070258200174,
        31.355531571024088,
        31.861317289033114,
        32.933562502784426,
        34.5565111925862,
        36.6843455072588,
        39.23518777444661,
        42.08190434881976,
        45.03387932448468,
        47.776661255495675,
        49.115640234307506
      ],
      "T_mean_pct": 51.68453670869656,
      "R_mean_pct": 38.54449049137914
    },
    {
      "zone": 3,
      "params": [
        82.97322356144332,
        74.87847240878497,
        272.5889581860988,
        89.12122345264794
      ],
      "source": "mfe_opt_pass2",
      "T_pct": [
        25.233322298039614,
        25.737832546391747,
        26.203380835251572,
        26.630070251861227,
        27.01798877884044,
        27.36789097125911,
        27.680696725595972,
        27.95705689668797,
        28.19701569758106,
        28.39977476431061,
        28.563565007971327,
        28.685643878178364,
        28.762459008287887,
        28.790062235417967,
        28.764941779438246,
        28.6856238024635,
        28.555861560836654,
        28.39166038110931,
        28.240004317867555,
        28.25053696397869,
        29.635105559687037
      ],
      "R_pct": [
        69.54854498214263,
        70.33456062994749,
        69.96234671482668,
        69.00317638896468,
        67.68888944930744,
        66.19822462763022,
        64.6808264280543,
        63.26247143343259,
        62.04659368403048,
        61.11497639977635,
        60.52818683628457,
        60.32575246677928,
        60.52593303736719,
        61.12492350653257,
        62.09531581796224,
        63.38356168014522,
        64.90580809360127,
        66.54009730146075,
        68.10717159658067,
        69.29799369339679,
        68.72195159665112
      ],
      "T_mean_pct": 27.892880679097903,
      "R_mean_pct": 65.2093955411845
    }
  ]
}