{
  "mfe_value": 0.2508680553119175,
  "coupling_efficiency_per_angle": [
    0.4383668177555851,
    0.4218085705354258,
    0.35302058646604534,
    0.25460985666825964,
    0.25234632665975315,
    0.26085202396640295,
    0.25936713153132185,
    0.29474173337551035,
    0.294615464560235,
    0.2822532879626958,
    0.2508680553119175
  ],
  "fov_angles": [
    -10.0,
    -8.0,
    -6.0,
    -4.0,
    -2.0,
    0.0,
    2.0,
    4.0,
    6.0,
    8.0,
    10.0
  ],
  "zone_assignments": [
    1,
    1,
    1,
    1,
    2,
    2,
    2,
    3,
    3,
    3,
    3
  ],
  "meets_target": true,
  "best_geometries": {
    "1": {
      "d_nm": 453.0,
      "h_nm": 250.0,
      "Ly_nm": 250,
      "wb_nm": 110.0,
      "r_pillar_nm": 50.0,
      "sep_nm": 125
    },
    "2": {
      "d_nm": 453.0,
      "h_nm": 250.0,
      "Ly_nm": 290,
      "wb_nm": 110.0,
      "r_pillar_nm": 85.0,
      "sep_nm": 70
    },
    "3": {
      "d_nm": 453.0,
      "h_nm": 250.0,
      "Ly_nm": 350,
      "wb_nm": 100.0,
      "r_pillar_nm": 98.0,
      "sep_nm": 250
    }
  }
}