{
  "zone": 1,
  "geometry": {
    "d_nm": 453.0,
    "h_nm": 250.0,
    "Ly_nm": 250,
    "wb_nm": 110.0,
    "r_pillar_nm": 50.0,
    "sep_nm": 125
  },
  "angles_air": [
    -10,
    -8,
    -6,
    -4,
    -2,
    0,
    2,
    4,
    6,
    8,
    10
  ],
  "eta_T": [
    0.6518646809764566,
    0.6407909860283028,
    0.5868949282945857,
    0.4978684132198395,
    0.38245112810887066,
    0.26349278147241284,
    0.16627799992166778,
    0.10163523412468425,
    0.06446737960960143,
    0.04443597115726638,
    0.033423320377704575
  ],
  "theta_diff": [
    41.193291180726085,
    42.94451413774156,
    44.756058351092264,
    46.63328088257631,
    48.58287848386285,
    50.61332500138699,
    52.73551187910082,
    54.963719852391044,
    57.317157665264396,
    59.82253161706981,
    62.518637065482125
  ],
  "angles_glass": [
    41.5,
    46.4,
    49.5,
    52.1,
    54.4,
    56.5,
    58.4,
    60.3,
    62.5
  ],
  "eta_R": [
    0.059220173102121174,
    0.023325246324896583,
    0.07146811989114704,
    0.16049563513965237,
    0.23365530197849363,
    0.28442605224566636,
    0.3238660262918039,
    0.36442025559240926,
    0.41806396674412527
  ]
}