{
  "MFE_percent": 20.433,
  "MFE_angle_deg": -10.0,
  "pass_fail_25pct": "FAIL",
  "xfov_angles_deg": [
    -10.0,
    -9.5,
    -9.0,
    -8.5,
    -8.0,
    -7.5,
    -7.0,
    -6.5,
    -6.0,
    -5.5,
    -5.0,
    -4.5,
    -4.0,
    -3.5,
    -3.0,
    -2.5,
    -2.0,
    -1.5,
    -1.0,
    -0.5,
    0.0,
    0.5,
    1.0,
    1.5,
    2.0,
    2.5,
    3.0,
    3.5,
    4.0,
    4.5,
    5.0,
    5.5,
    6.0,
    6.5,
    7.0,
    7.5,
    8.0,
    8.5,
    9.0,
    9.5,
    10.0
  ],
  "coupling_efficiency": [
    20.432979828741967,
    20.683928519893644,
    23.68639552205492,
    24.013752529343524,
    24.44431381545861,
    26.59561957995939,
    27.06191619249243,
    28.551666005488922,
    29.041581612291367,
    29.995521860010804,
    30.492364463083522,
    31.28324008465927,
    31.60264730159275,
    32.09652394901291,
    32.520365911475366,
    32.831474794588814,
    33.26847550290536,
    33.63461482206137,
    34.08111019752993,
    34.544750456600795,
    34.99647394877143,
    35.68016218332506,
    36.13255843890824,
    36.70036763443984,
    37.33706638184856,
    38.071276136991564,
    38.54704934550157,
    39.18458210590119,
    39.82567240543142,
    40.27795258985638,
    40.495610107016375,
    41.10869989572943,
    40.79976736788895,
    41.275962446736806,
    40.73853999351208,
    39.880976930645296,
    40.29684299261322,
    39.219224887351515,
    37.88485414140578,
    38.351914186400435,
    36.87373427980166
  ],
  "per_zone": {
    "1": {
      "mean_T1_percent": 83.188,
      "mean_R0_percent": 6.647,
      "paper_target_T1_percent": 96.0,
      "paper_target_R0_percent": 4.0
    },
    "2": {
      "mean_T1_percent": 50.502,
      "mean_R0_percent": 43.095,
      "paper_target_T1_percent": 54.0,
      "paper_target_R0_percent": 46.0
    },
    "3": {
      "mean_T1_percent": 25.391,
      "mean_R0_percent": 71.335,
      "paper_target_T1_percent": 27.0,
      "paper_target_R0_percent": 73.0
    }
  },
  "model_parameters": {
    "lambda_nm": 532,
    "grating_period_nm": 453,
    "n_glass": 1.5195,
    "waveguide_thickness_mm": 0.5,
    "coupler_width_mm": 3.0,
    "zone_widths_mm": [
      1.06,
      1.01,
      0.93
    ],
    "MC_samples": 300
  }
}