{
  "MFE_pct": 13.250325611557395,
  "MFE_angle_deg": 10.0,
  "coupling_efficiency_pct": {
    "-10": 24.982819668116317,
    "-8": 14.314415497757626,
    "-6": 20.919912125849333,
    "-4": 23.740294853802737,
    "-2": 24.87001984009074,
    "0": 25.291228334052345,
    "2": 25.50647608634322,
    "4": 25.802635863892565,
    "6": 26.157289158269702,
    "8": 24.790986338231537,
    "10": 13.250325611557395
  },
  "zone1_at_neg10": {
    "T1_pct": 92.92178325549968,
    "R0_pct": 2.6583036211669326,
    "target_T1_pct": 96,
    "target_R0_pct": 4
  },
  "zone2_at_neg10": {
    "T1_pct": 48.50467061454529,
    "R0_pct": 36.223623227330215,
    "target_T1_pct": 54,
    "target_R0_pct": 46
  },
  "zone3_at_neg10": {
    "T1_pct": 26.333879915828444,
    "R0_pct": 72.33461451692578,
    "target_T1_pct": 27,
    "target_R0_pct": 73
  },
  "paper_MFE_pct": 25.3
}