{
  "angles_deg": [
    -10.0,
    -8.0,
    -6.0,
    -4.0,
    -2.0,
    0.0,
    2.0,
    4.0,
    6.0,
    8.0,
    10.0
  ],
  "glass_angles_deg": [
    41.193291180726085,
    42.94451413774156,
    44.756058351092264,
    46.63328088257631,
    48.58287848386285,
    50.61332500138699,
    52.73551187910082,
    54.963719852391044,
    57.317157665264396,
    59.82253161706981,
    62.518637065482125
  ],
  "zone1": {
    "eta_T1": [
      0.9292178325549968,
      0.9424050450397621,
      0.8784809279497147,
      0.7431440028214771,
      0.5561625100010925,
      0.3699753375726374,
      0.23056318171712545,
      0.14718199470577534,
      0.10431923612268845,
      0.08467985274561571,
      0.08305843418899651
    ],
    "eta_R0": [
      0.026583036211669325,
      0.013618198833688706,
      0.01464427051780191,
      0.02662171094283128,
      0.04306602503851235,
      0.050965569864689204,
      0.04306602503857982,
      0.026621710942811093,
      0.014644270517800104,
      0.013618198833704312,
      0.026583036211673888
    ],
    "geometry": {
      "beam_width_um": 0.0736154034042862,
      "pillar_size_um": 0.09036529697565726,
      "sep_um": 0.06000923686635337,
      "unit_y_um": 0.13546882495743082,
      "thickness_um": 0.25
    }
  },
  "zone2": {
    "eta_T1": [
      0.48504670614545287,
      0.4603561004071782,
      0.4334346371112628,
      0.4042236251557179,
      0.3732947696239007,
      0.341223522791568,
      0.30854877310168904,
      0.27573755551239315,
      0.24313774927886248,
      0.2108678251674505,
      0.17732730464685556
    ],
    "eta_R0": [
      0.36223623227330215,
      0.37182356132167654,
      0.3768681930138181,
      0.38031237950717334,
      0.38236716786546876,
      0.3830530491859465,
      0.38236716786547315,
      0.3803123795071908,
      0.3768681930138347,
      0.371823561321683,
      0.3622362322732793
    ],
    "geometry": {
      "beam_width_um": 0.08807712358342766,
      "pillar_size_um": 0.16360212447522776,
      "sep_um": 0.2527814867975018,
      "unit_y_um": 0.10000546674834955,
      "thickness_um": 0.25
    }
  },
  "zone3": {
    "eta_T1": [
      0.26333879915828445,
      0.18386072672779158,
      0.373158532634006,
      0.43626341361265464,
      0.4803108393588275,
      0.5174011127913593,
      0.549690660953015,
      0.578194251471878,
      0.6047218502617492,
      0.569447992390515,
      0.172073608597004
    ],
    "eta_R0": [
      0.7233461451692579,
      0.3436214954893098,
      0.32914947585328336,
      0.3398375509451288,
      0.34284363769298143,
      0.3433715832677764,
      0.3428436376929608,
      0.3398375509451375,
      0.32914947585329557,
      0.3436214954894382,
      0.7233461451687916
    ],
    "geometry": {
      "beam_width_um": 0.19298116636307483,
      "pillar_size_um": 0.1966119341820854,
      "sep_um": 0.14223410415528182,
      "unit_y_um": 0.12427789676874246,
      "thickness_um": 0.25
    }
  },
  "MFE": 0.14415311581095203,
  "coupling_efficiency": [
    0.5592011126195781,
    0.5288739573915773,
    0.5616913658983278,
    0.5278770138632831,
    0.4699227063279402,
    0.4095333243851882,
    0.3629342052572765,
    0.3337046005633488,
    0.3173929452211,
    0.28833189010119376,
    0.14415311581095203
  ]
}