{
  "zone1": {
    "geometry": {
      "bar_w": 110,
      "pillar_d": 80,
      "period_y": 460,
      "sep": 70,
      "height": 250
    },
    "target": {
      "eta_T1": 0.96,
      "eta_R0": 0.04
    },
    "achieved_at_minus10deg": {
      "eta_T1": 0.9103477153831049,
      "eta_R0": 0.029412391202972447,
      "sum": 0.9397601065860773
    },
    "angle_scan": {
      "theta_ext_deg": [
        -10.0,
        -9.0,
        -8.0,
        -7.0,
        -6.0,
        -5.0,
        -4.0,
        -3.0,
        -2.0,
        -1.0,
        0.0,
        1.0,
        2.0,
        3.0,
        4.0,
        5.0,
        6.0,
        7.0,
        8.0,
        9.0,
        10.0
      ],
      "eta_T1": [
        0.9103477153831049,
        0.9350999979039778,
        0.9382851800023072,
        0.9292297501105332,
        0.9067449418573149,
        0.8687995751678915,
        0.8139857311983936,
        0.7426763540563089,
        0.6578903821021175,
        0.5653629285131003,
        0.4724686163279998,
        0.3863089662886483,
        0.3119142624479237,
        0.2514522375926492,
        0.20459979995076694,
        0.16954564247784465,
        0.1439795582178641,
        0.12574203597092592,
        0.11315215063351189,
        0.10527884946576362,
        0.10494946870377878
      ],
      "eta_R0": [
        0.029412391202972447,
        0.016216000188043818,
        0.008320744857334996,
        0.00540518880805064,
        0.009710332899587273,
        0.023568290734195113,
        0.0484241046839636,
        0.08377133241150532,
        0.1264771742017315,
        0.1712493667011558,
        0.21255162021097393,
        0.24713425232645306,
        0.2755170965160988,
        0.30136901428346013,
        0.3293658004843604,
        0.3630964320796041,
        0.40412207967845865,
        0.4522203142779673,
        0.5062749607567982,
        0.5655855807253509,
        0.6382445158477574
      ],
      "sum": [
        0.9397601065860773,
        0.9513159980920216,
        0.9466059248596422,
        0.9346349389185838,
        0.9164552747569021,
        0.8923678659020866,
        0.8624098358823572,
        0.8264476864678143,
        0.784367556303849,
        0.7366122952142561,
        0.6850202365389737,
        0.6334432186151013,
        0.5874313589640225,
        0.5528212518761093,
        0.5339656004351274,
        0.5326420745574487,
        0.5481016378963227,
        0.5779623502488932,
        0.6194271113903101,
        0.6708644301911145,
        0.7431939845515362
      ]
    }
  },
  "zone2": {
    "geometry": {
      "bar_w": 120,
      "pillar_d": 170,
      "period_y": 380,
      "sep": 60,
      "height": 250
    },
    "target": {
      "eta_T1": 0.54,
      "eta_R0": 0.46
    },
    "achieved_at_minus10deg": {
      "eta_T1": 0.4402147785203081,
      "eta_R0": 0.35094174660305005,
      "sum": 0.7911565251233581
    },
    "angle_scan": {
      "theta_ext_deg": [
        -10.0,
        -9.0,
        -8.0,
        -7.0,
        -6.0,
        -5.0,
        -4.0,
        -3.0,
        -2.0,
        -1.0,
        0.0,
        1.0,
        2.0,
        3.0,
        4.0,
        5.0,
        6.0,
        7.0,
        8.0,
        9.0,
        10.0
      ],
      "eta_T1": [
        0.4402147785203081,
        0.4438163723634231,
        0.4396635642877929,
        0.43273607197896163,
        0.4241435245535868,
        0.4145555449324738,
        0.4044316414714584,
        0.3940740876066054,
        0.383652442623173,
        0.3732239171774219,
        0.3627535152398124,
        0.35213420198514844,
        0.34120747888055825,
        0.32978572309004234,
        0.31767865116951816,
        0.3047272163335617,
        0.2908498508503039,
        0.27611166654168123,
        0.2608545079860474,
        0.24610405119908788,
        0.23890774852071447
      ],
      "eta_R0": [
        0.35094174660305005,
        0.326997752032756,
        0.3041881515914555,
        0.2821516365253331,
        0.2632495259392073,
        0.24959167035090363,
        0.24273445321065484,
        0.2435909151022814,
        0.25242503017520546,
        0.2688837370449402,
        0.29203955468637016,
        0.320429964344083,
        0.35209147806286983,
        0.38459630163326997,
        0.41510717459108465,
        0.44046971136766133,
        0.4573569673478607,
        0.46245644149733006,
        0.4526039743684511,
        0.42434647148014676,
        0.3632244861258021
      ],
      "sum": [
        0.7911565251233581,
        0.770814124396179,
        0.7438517158792484,
        0.7148877085042947,
        0.6873930504927941,
        0.6641472152833774,
        0.6471660946821132,
        0.6376650027088868,
        0.6360774727983785,
        0.642107654222362,
        0.6547930699261826,
        0.6725641663292314,
        0.693298956943428,
        0.7143820247233124,
        0.7327858257606028,
        0.745196927701223,
        0.7482068181981646,
        0.7385681080390113,
        0.7134584823544985,
        0.6704505226792347,
        0.6021322346465166
      ]
    }
  },
  "zone3": {
    "geometry": {
      "bar_w": 110,
      "pillar_d": 190,
      "period_y": 440,
      "sep": 120,
      "height": 250
    },
    "target": {
      "eta_T1": 0.27,
      "eta_R0": 0.73
    },
    "achieved_at_minus10deg": {
      "eta_T1": 0.269005515984836,
      "eta_R0": 0.5606601278794834,
      "sum": 0.8296656438643194
    },
    "angle_scan": {
      "theta_ext_deg": [
        -10.0,
        -9.0,
        -8.0,
        -7.0,
        -6.0,
        -5.0,
        -4.0,
        -3.0,
        -2.0,
        -1.0,
        0.0,
        1.0,
        2.0,
        3.0,
        4.0,
        5.0,
        6.0,
        7.0,
        8.0,
        9.0,
        10.0
      ],
      "eta_T1": [
        0.269005515984836,
        0.24860807184300426,
        0.23514405137477,
        0.2245082827968539,
        0.21591637767525243,
        0.20891701986504313,
        0.20319045732268035,
        0.19849207648088846,
        0.19462602672690424,
        0.19142910102942517,
        0.18875994084255068,
        0.18649218486279656,
        0.18451121651191998,
        0.18271445514989576,
        0.18101508091130053,
        0.1793486038961558,
        0.1776801276022908,
        0.17600484787386494,
        0.17431215615178078,
        0.17234854459764884,
        0.1659166776738125
      ],
      "eta_R0": [
        0.5606601278794834,
        0.5804151611244498,
        0.5903358302859578,
        0.5934262368518037,
        0.5911169109308024,
        0.5846696316059937,
        0.5752796902613947,
        0.5640431927743983,
        0.5518987459541755,
        0.5395757494664604,
        0.5275601672808563,
        0.5160802618255387,
        0.5051112973422253,
        0.4943970480334178,
        0.4834857868492378,
        0.4717784357870725,
        0.458586035988631,
        0.44319170159997884,
        0.42490540277415334,
        0.403058798373667,
        0.3753202823436772
      ],
      "sum": [
        0.8296656438643194,
        0.8290232329674541,
        0.8254798816607278,
        0.8179345196486576,
        0.8070332886060548,
        0.7935866514710368,
        0.7784701475840751,
        0.7625352692552867,
        0.7465247726810798,
        0.7310048504958855,
        0.716320108123407,
        0.7025724466883352,
        0.6896225138541452,
        0.6771115031833135,
        0.6645008677605384,
        0.6511270396832283,
        0.6362661635909218,
        0.6191965494738438,
        0.5992175589259341,
        0.5754073429713158,
        0.5412369600174897
      ]
    }
  }
}