{
  "angles_deg": [
    -10.0,
    -8.0,
    -6.0,
    -4.0,
    -2.0,
    0.0,
    2.0,
    4.0,
    6.0,
    8.0,
    10.0
  ],
  "glass_angles_deg": [
    41.19329118072609,
    42.944514137741564,
    44.756058351092285,
    46.63328088257633,
    48.582878483862864,
    50.613325001387004,
    52.73551187910084,
    54.963719852391044,
    57.31715766526441,
    59.82253161706982,
    62.51863706548213
  ],
  "MFE": 0.33613045646844525,
  "MFE_angle_deg": 2.0,
  "coupling_efficiency": [
    0.377752454416042,
    0.3683180931816206,
    0.3581236385629038,
    0.34958795527003494,
    0.34233251168068746,
    0.33774371738984243,
    0.33613045646844525,
    0.3379611514009084,
    0.34358394316347346,
    0.35320780804538054,
    0.37050328081487355
  ],
  "zone1": {
    "eta_T1": [
      0.16501201545280478,
      0.16195476831510508,
      0.17438423576732479,
      0.19305837880083113,
      0.21579273876847405,
      0.24146585567347872,
      0.26918333025655394,
      0.2976306497431871,
      0.324373890313868,
      0.3452137439333997,
      0.3556559743586806
    ],
    "eta_R0": [
      0.34371549400342816,
      0.34414246628173767,
      0.33927388882407505,
      0.3295881369182127,
      0.31437140642697337,
      0.29305440437831615,
      0.26583597067719006,
      0.2344722431485811,
      0.20342981198745586,
      0.18114768533869358,
      0.17794150260104738
    ],
    "geometry": {
      "bar_w_nm": 110,
      "pillar_nm": 100,
      "unit_y_nm": 177,
      "partial": false
    }
  },
  "zone2": {
    "eta_T1": [
      0.3676656618579779,
      0.35775431364278076,
      0.3435957537473651,
      0.3304502099642342,
      0.3194719953212742,
      0.31130878600525796,
      0.30650491528997,
      0.3056953996516547,
      0.3098200734351084,
      0.3206136416271257,
      0.3449644882536725
    ],
    "eta_R0": [
      0.37506614420568346,
      0.3814309548542173,
      0.37649727413444334,
      0.36532064784305035,
      0.3489443501569349,
      0.32805996674001375,
      0.3032950546330802,
      0.2753222490703954,
      0.24502385964064913,
      0.2141107462721105,
      0.19431801281589414
    ],
    "geometry": {
      "bar_w_nm": 110,
      "pillar_wx_nm": 156.5,
      "unit_y_nm": 140,
      "partial": true
    }
  },
  "zone3": {
    "eta_T1": [
      0.3822752531767754,
      0.3729270935257492,
      0.35931965648270364,
      0.3467130345750382,
      0.336272867475082,
      0.3286649807150378,
      0.32445182108688353,
      0.3242850206598755,
      0.3291219679631821,
      0.34074074657953046,
      0.3666331843112163
    ],
    "eta_R0": [
      0.36365067418512165,
      0.37008432710196115,
      0.3646365675905258,
      0.3524930740301933,
      0.3346815146616376,
      0.31184377190023516,
      0.28454793554806346,
      0.25340401006691715,
      0.219213782221548,
      0.18347287071548937,
      0.15545897250542734
    ],
    "geometry": {
      "bar_w_nm": 100,
      "pillar_wx_nm": 160.5,
      "unit_y_nm": 164,
      "partial": true
    }
  },
  "parameters": {
    "wavelength_nm": 532,
    "period_x_nm": 453,
    "n_TiO2": 2.35,
    "n_glass": 1.5195,
    "h_TiO2_nm": 250,
    "NumBasis": 150,
    "t_waveguide_mm": 0.5,
    "W_incoupler_mm": 3.0,
    "zone_bounds_mm": [
      [
        0.0,
        1.06
      ],
      [
        1.06,
        2.07
      ],
      [
        2.07,
        3.0
      ]
    ]
  }
}