{
  "zone": 2,
  "geometry": {
    "d_nm": 453.0,
    "h_nm": 250.0,
    "Ly_nm": 290,
    "wb_nm": 110.0,
    "r_pillar_nm": 85.0,
    "sep_nm": 70
  },
  "angles_air": [
    -10,
    -8,
    -6,
    -4,
    -2,
    0,
    2,
    4,
    6,
    8,
    10
  ],
  "eta_T": [
    0.2773091887482672,
    0.33147673566728897,
    0.3721031588439649,
    0.400450251517267,
    0.41756447868725094,
    0.4242081792833145,
    0.4205994686820194,
    0.4062525770418495,
    0.3798155748196507,
    0.33877333005150384,
    0.2742240817408688
  ],
  "theta_diff": [
    41.193291180726085,
    42.94451413774156,
    44.756058351092264,
    46.63328088257631,
    48.58287848386285,
    50.61332500138699,
    52.73551187910082,
    54.963719852391044,
    57.317157665264396,
    59.82253161706981,
    62.518637065482125
  ],
  "angles_glass": [
    41.5,
    46.4,
    49.5,
    52.1,
    54.4,
    56.5,
    58.4,
    60.3,
    62.5
  ],
  "eta_R": [
    0.19602817359582386,
    0.3053271837970405,
    0.32710381619525253,
    0.33668885164413437,
    0.3428318566577064,
    0.34751211296452533,
    0.35077318935849194,
    0.3524296719214727,
    0.35520336470627306
  ]
}