{
  "zone": 3,
  "geometry": {
    "d_nm": 453.0,
    "h_nm": 250.0,
    "Ly_nm": 350,
    "wb_nm": 100.0,
    "r_pillar_nm": 98.0,
    "sep_nm": 250
  },
  "angles_air": [
    -10,
    -8,
    -6,
    -4,
    -2,
    0,
    2,
    4,
    6,
    8,
    10
  ],
  "eta_T": [
    0.4109958562403814,
    0.4375801906664461,
    0.45224872409938666,
    0.46076394412458666,
    0.4648560272920434,
    0.46676797973250067,
    0.4680212370095905,
    0.46330891999256457,
    0.44710689885353444,
    0.41602453522942173,
    0.36915366801000155
  ],
  "theta_diff": [
    41.193291180726085,
    42.94451413774156,
    44.756058351092264,
    46.63328088257631,
    48.58287848386285,
    50.61332500138699,
    52.73551187910082,
    54.963719852391044,
    57.317157665264396,
    59.82253161706981,
    62.518637065482125
  ],
  "angles_glass": [
    41.5,
    46.4,
    49.5,
    52.1,
    54.4,
    56.5,
    58.4,
    60.3,
    62.5
  ],
  "eta_R": [
    0.3020399116044673,
    0.3264182352156688,
    0.2831419324217067,
    0.27796287750851506,
    0.3082209104254445,
    0.35985214779230956,
    0.413978695492194,
    0.4612669976247273,
    0.4920731705570901
  ]
}