{
  "MFE_percent": 3.69,
  "MFE_pass": false,
  "paper_target_percent": 25.3,
  "xfov_angles": [
    -10.0,
    -9.0,
    -8.0,
    -7.0,
    -6.0,
    -5.0,
    -4.0,
    -3.0,
    -2.0,
    -1.0,
    0.0,
    1.0,
    2.0,
    3.0,
    4.0,
    5.0,
    6.0,
    7.0,
    8.0,
    9.0,
    10.0
  ],
  "coupling_eff": [
    0.036867669735653336,
    0.043905403446790954,
    0.05208127100453409,
    0.05519674355336961,
    0.053752266790791474,
    0.04825455597873131,
    0.03963966818623448,
    0.22014083162041292,
    0.21579235738879335,
    0.21201690596897946,
    0.21000452339048567,
    0.2104911956072212,
    0.21367751025968434,
    0.21918419144338866,
    0.18722398213169644,
    0.18716012675889585,
    0.18601571917730209,
    0.18325594516931484,
    0.1782760849876218,
    0.17135893662912602,
    0.1650570583652728
  ],
  "zones": {
    "1": {
      "zone": 1,
      "bar_w": 123.71333131258129,
      "pil_d": 104.81124250473376,
      "sep": 141.07326307830908,
      "yp": 173.87399695051323,
      "merit": 0.026625878968221942,
      "T1_vs_angle": [
        0.729154258410926,
        0.7684522640320808,
        0.7996678699974834,
        0.8275247152877202,
        0.852516813826579,
        0.8743962556394261,
        0.8927365166767829,
        0.9070989000198885,
        0.9170846953253325,
        0.9223523685512872,
        0.9226327557317184,
        0.9177550447617087,
        0.9076837397030554,
        0.8925583800074476,
        0.8727230374444441,
        0.848731936514084,
        0.8213210508645344,
        0.7913415565309478,
        0.759654181230267,
        0.7269674093035575,
        0.6934736376382441,
        0.6555641648311986
      ],
      "R0_vs_angle": [
        0.05056223605688112,
        0.06452663016854214,
        0.06909023934946927,
        0.0665237309908425,
        0.05849638439195058,
        0.04695306677503046,
        0.0339590280168568,
        0.021475993950465847,
        0.01119885582261801,
        0.004467254653504096,
        0.002230749584904364,
        0.005041931443520364,
        0.013061465346418347,
        0.026071520155510872,
        0.04350299274990211,
        0.06448453569561795,
        0.08791750019546253,
        0.11257272474431634,
        0.13719670004621526,
        0.16061136680649513,
        0.18180942926702912,
        0.20061248993202524
      ],
      "thetas_int": [
        41.5,
        42.5,
        43.5,
        44.5,
        45.5,
        46.5,
        47.5,
        48.5,
        49.5,
        50.5,
        51.5,
        52.5,
        53.5,
        54.5,
        55.5,
        56.5,
        57.5,
        58.5,
        59.5,
        60.5,
        61.5,
        62.5
      ],
      "T1_paper": [
        0.7555910950413092,
        0.7908196141272364,
        0.8181974908650606,
        0.841391046924214,
        0.8601843915139378,
        0.8735980870019752,
        0.8805301193253058,
        0.8800922785850281,
        0.8718264030670017,
        0.8558169729965159,
        0.8327020962928627,
        0.8035948017404438,
        0.7699374741892069,
        0.7333204129337518,
        0.6952993685906478,
        0.6572437567481317,
        0.6202359536691552,
        0.585025528600019,
        0.5520247359130775,
        0.5213099056825874,
        0.4925123635273838,
        0.4628447215631613
      ],
      "R0_paper": [
        0.06980822253569012,
        0.0800221148720381,
        0.081616680286816,
        0.07754489924865947,
        0.07026046340275825,
        0.06261157143134057,
        0.05748751435532179,
        0.057239762207590104,
        0.06317880389180862,
        0.07534050581772252,
        0.09258996539891218,
        0.11300082909906507,
        0.13436444612717643,
        0.154668327420646,
        0.17242617021223544,
        0.18681227482833515,
        0.1976187680900352,
        0.2050912790836269,
        0.20969754884511566,
        0.2118315571151285,
        0.21121733931800474,
        0.2014363766865302
      ]
    },
    "2": {
      "zone": 2,
      "bar_w": 111.09626110150751,
      "pil_d": 131.18284243407328,
      "sep": 156.23318943765082,
      "yp": 171.6754122401269,
      "merit": 0.005920912584991103,
      "T1_vs_angle": [
        0.41514986513848284,
        0.441994287031952,
        0.4659003426299049,
        0.48722866741705734,
        0.5058230651381768,
        0.5215885946842583,
        0.5345155592808424,
        0.5446407935379665,
        0.5520085809012948,
        0.5566457256923,
        0.5585525448900293,
        0.5577076024838302,
        0.5540830756848026,
        0.5476674917610552,
        0.5384923229105922,
        0.5266584426199821,
        0.5123580931314368,
        0.49588853526458154,
        0.4776562992058745,
        0.4581803246532388,
        0.4381498539749879,
        0.41958493414654596
      ],
      "R0_vs_angle": [
        0.37583920452911296,
        0.42282879080932484,
        0.44539949577062476,
        0.45050046318066905,
        0.44348704635511665,
        0.4293995267644733,
        0.4126536359565189,
        0.3967969933908763,
        0.3844318002561759,
        0.37724960654209694,
        0.37611702940793384,
        0.38117362748561384,
        0.391926055191554,
        0.40733866079159126,
        0.42592908114948014,
        0.4458789265002964,
        0.4651651334404467,
        0.48170756332469195,
        0.4935123268472288,
        0.49875828004760975,
        0.49563822159903104,
        0.4792348711635522
      ],
      "thetas_int": [
        41.5,
        42.5,
        43.5,
        44.5,
        45.5,
        46.5,
        47.5,
        48.5,
        49.5,
        50.5,
        51.5,
        52.5,
        53.5,
        54.5,
        55.5,
        56.5,
        57.5,
        58.5,
        59.5,
        60.5,
        61.5,
        62.5
      ],
      "T1_paper": [
        0.2319708084351701,
        0.24072480872479204,
        0.24694766577084254,
        0.25180364115567855,
        0.25569109708426807,
        0.25885514958193384,
        0.2614741329840358,
        0.2636847812969236,
        0.2655932174134651,
        0.2672814826098413,
        0.2688123201811324,
        0.270233179507847,
        0.2715799352506835,
        0.27288074401984497,
        0.27416059273230575,
        0.27544747374388395,
        0.2767820457607649,
        0.2782350624919238,
        0.27994423487831893,
        0.28221051257264884,
        0.2858555154151856,
        0.29620583699462827
      ],
      "R0_paper": [
        0.49182850458086874,
        0.4404119428289582,
        0.39486407407606233,
        0.35261888976345795,
        0.313608106733435,
        0.27801444920708,
        0.24601931670729524,
        0.2177609827073122,
        0.193334033256115,
        0.17279687609958708,
        0.1561790980455827,
        0.14348664852154783,
        0.13470457358449525,
        0.12979748754828507,
        0.12870800666153398,
        0.1313532089838505,
        0.1376187905257551,
        0.14734960140489636,
        0.16033228608804373,
        0.176254444303739,
        0.19456035771195376,
        0.2128699415882891
      ]
    },
    "3": {
      "zone": 3,
      "bar_w": 121.59538686725602,
      "pil_d": 112.51285688771888,
      "sep": 182.52710912534675,
      "yp": 133.41732281180697,
      "merit": 0.0010487074727364204,